chave_coluna_lista,nivel_linha,campo_api_frontend,campo_prisma_pedido,campo_prisma_item,campo_propagacao_pai,tabela_postgres,tipo_prisma,tipo_comportamento_lista,grupo_coluna_lista,label_cabecalho_tela,tooltip_titulo_tela,armazenamento_banco,back_patch_campo,origem_dado
anexo_lpco,item,anexo_lpco,,,,anexo_pedido,,,DUIMP / Fiscal,Anexo LPCO,Anexo LPCO,tabela_anexo_pedido,categoria_anexo_pedido=lpco,lista_gtv
aplicacao_mercadoria_duimp,item,aplicacao_mercadoria_duimp,,dados_extras_importacao_item,,pedido_item,Json,,DUIMP / Fiscal,,,json_chave_dados_extras_importacao_item,aplicacao_mercadoria_duimp,lista_gtv
atributos_catalogo,item,atributos_catalogo,,atributos_catalogo,,pedido_item,String,,Identificação,Atributo do Produto - Catálogo,Atributos — Catálogo de Produto,coluna_pedido_item,atributos_catalogo,lista_gtv
atributos_duimp,item,atributos_duimp,,dados_extras_importacao_item,,pedido_item,Json,,DUIMP / Fiscal,,,json_chave_dados_extras_importacao_item,atributos_duimp,lista_gtv
base_calculo_cofins_duimp,item,base_calculo_cofins_duimp,,dados_extras_importacao_item,,pedido_item,Json,,DUIMP / Fiscal,,,json_chave_dados_extras_importacao_item,base_calculo_cofins_duimp,lista_gtv
base_calculo_ii_duimp,item,base_calculo_ii_duimp,,dados_extras_importacao_item,,pedido_item,Json,,DUIMP / Fiscal,,,json_chave_dados_extras_importacao_item,base_calculo_ii_duimp,lista_gtv
base_calculo_ipi_duimp,item,base_calculo_ipi_duimp,,dados_extras_importacao_item,,pedido_item,Json,,DUIMP / Fiscal,,,json_chave_dados_extras_importacao_item,base_calculo_ipi_duimp,lista_gtv
base_calculo_pis_duimp,item,base_calculo_pis_duimp,,dados_extras_importacao_item,,pedido_item,Json,,DUIMP / Fiscal,,,json_chave_dados_extras_importacao_item,base_calculo_pis_duimp,lista_gtv
campo_especial_item,item,campo_especial_item,,campo_especial_item,,pedido_item,String,,Identificação,Campo Especial do Item/Produto,Campo Especial,coluna_pedido_item,campo_especial_item,lista_gtv
,item,,,casas_decimais_cubagem_item,casas_decimais_cubagem_pedido,pedido_item,Int,,,Casas Decimais — Cubagem,,coluna_prisma_sem_lista,casas_decimais_cubagem_item,somente_prisma
,item,,,casas_decimais_peso_item,casas_decimais_peso_pedido,pedido_item,Int,,,Casas Decimais — Peso,,coluna_prisma_sem_lista,casas_decimais_peso_item,somente_prisma
casas_decimais_quantidade_item,item,casas_decimais_quantidade_item,,casas_decimais_quantidade_item,casas_decimais_quantidade_pedido,pedido_item,Int,,Quantidades,Casas Decimais — Qtd.,,coluna_pedido_item,casas_decimais_quantidade_item,lista_gtv
,item,,,casas_decimais_valor_item,casas_decimais_valor_pedido,pedido_item,Int,,,Casas Decimais — Valor,,coluna_prisma_sem_lista,casas_decimais_valor_item,somente_prisma
,item,,,cobertura_cambial_item,cobertura_cambial_pedido,pedido_item,String,,,Cobertura Cambial,,coluna_prisma_sem_lista,cobertura_cambial_item,somente_prisma
codigo_ope_duimp,item,codigo_ope_duimp,,dados_extras_importacao_item,,pedido_item,Json,,DUIMP / Fiscal,,,json_chave_dados_extras_importacao_item,codigo_ope_duimp,lista_gtv
codigo_ope_fabricante_duimp,item,codigo_ope_fabricante_duimp,,dados_extras_importacao_item,,pedido_item,Json,,DUIMP / Fiscal,,,json_chave_dados_extras_importacao_item,codigo_ope_fabricante_duimp,lista_gtv
condicao_mercadoria_duimp,item,condicao_mercadoria_duimp,,dados_extras_importacao_item,,pedido_item,Json,,DUIMP / Fiscal,,,json_chave_dados_extras_importacao_item,condicao_mercadoria_duimp,lista_gtv
condicao_pagamento,item,condicao_pagamento,,condicao_pagamento_item,condicao_pagamento_pedido,pedido_item,String,alfanumerico,Quantidades,Condicao de Pagamento — Comercial (Item),,coluna_pedido_item,condicao_pagamento_item,lista_gtv
condicao_pagamento_siscomex,item,condicao_pagamento_siscomex,,condicao_pagamento_siscomex_item,condicao_pagamento_siscomex_pedido,pedido_item,String,alfanumerico,Quantidades,Condição de Pagamento do Pedido/Item — Siscomex,Condição de Pagamento do Item — Siscomex,coluna_pedido_item,condicao_pagamento_siscomex_item,lista_gtv
,item,,,cubagem_unidade_item,,pedido_item,String,,,,,coluna_prisma_sem_lista,cubagem_unidade_item,somente_prisma
cubagem_unitaria,item,cubagem_unitaria,,cubagem_unitaria_item,,pedido_item,Decimal,,Dados Físicos,Cubagem Unitária do Item,Cubagem Unitária,coluna_pedido_item,cubagem_unitaria_item,lista_gtv
,item,,,dados_extras_importacao_item,,pedido_item,Json,,,,,coluna_prisma_sem_lista,dados_extras_importacao_item,somente_prisma
,item,,,data_atualizacao_item,,pedido_item,DateTime,,,,,coluna_prisma_sem_lista,data_atualizacao_item,somente_prisma
data_certificado_origem,item,data_certificado_origem,,data_certificado_origem,,pedido_item,DateTime,,DUIMP / Fiscal,Data do Cert. de Origem,Data do Certificado de Origem,coluna_pedido_item,data_certificado_origem,lista_gtv
,item,,,data_confirmacao_aprovacao_rascunho_invoice_item,data_confirmacao_aprovacao_rascunho_invoice_pedido,pedido_item,DateTime,,,,,coluna_prisma_sem_lista,data_confirmacao_aprovacao_rascunho_invoice_item,somente_prisma
,item,,,data_confirmacao_aprovacao_rascunho_item,data_confirmacao_aprovacao_rascunho_pedido,pedido_item,DateTime,,,,,coluna_prisma_sem_lista,data_confirmacao_aprovacao_rascunho_item,somente_prisma
,item,,,data_confirmacao_aprovacao_rascunho_proforma_item,data_confirmacao_aprovacao_rascunho_proforma_pedido,pedido_item,DateTime,,,,,coluna_prisma_sem_lista,data_confirmacao_aprovacao_rascunho_proforma_item,somente_prisma
,item,,,data_confirmacao_envio_original_invoice_item,data_confirmacao_envio_original_invoice_pedido,pedido_item,DateTime,,,,,coluna_prisma_sem_lista,data_confirmacao_envio_original_invoice_item,somente_prisma
,item,,,data_confirmacao_envio_original_proforma_item,data_confirmacao_envio_original_proforma_pedido,pedido_item,DateTime,,,,,coluna_prisma_sem_lista,data_confirmacao_envio_original_proforma_item,somente_prisma
,item,,,data_confirmacao_recebimento_original_invoice_item,data_confirmacao_recebimento_original_invoice_pedido,pedido_item,DateTime,,,,,coluna_prisma_sem_lista,data_confirmacao_recebimento_original_invoice_item,somente_prisma
,item,,,data_confirmacao_recebimento_original_proforma_item,data_confirmacao_recebimento_original_proforma_pedido,pedido_item,DateTime,,,,,coluna_prisma_sem_lista,data_confirmacao_recebimento_original_proforma_item,somente_prisma
,item,,,data_confirmacao_recebimento_rascunho_invoice_item,data_confirmacao_recebimento_rascunho_invoice_pedido,pedido_item,DateTime,,,,,coluna_prisma_sem_lista,data_confirmacao_recebimento_rascunho_invoice_item,somente_prisma
,item,,,data_confirmacao_recebimento_rascunho_item,data_confirmacao_recebimento_rascunho_pedido,pedido_item,DateTime,,,,,coluna_prisma_sem_lista,data_confirmacao_recebimento_rascunho_item,somente_prisma
,item,,,data_confirmacao_recebimento_rascunho_proforma_item,data_confirmacao_recebimento_rascunho_proforma_pedido,pedido_item,DateTime,,,,,coluna_prisma_sem_lista,data_confirmacao_recebimento_rascunho_proforma_item,somente_prisma
data_confirmada_aprovacao_draft_cert_origem,item,data_confirmada_aprovacao_draft_cert_origem,,dados_extras_importacao_item,,pedido_item,Json,,DUIMP / Fiscal,,,json_chave_dados_extras_importacao_item,data_confirmada_aprovacao_draft_cert_origem,lista_gtv
data_confirmada_aprovacao_draft_lpco,item,data_confirmada_aprovacao_draft_lpco,,dados_extras_importacao_item,,pedido_item,Json,,DUIMP / Fiscal,,,json_chave_dados_extras_importacao_item,data_confirmada_aprovacao_draft_lpco,lista_gtv
,item,,,data_confirmada_coleta_item,data_confirmada_coleta_pedido,pedido_item,DateTime,,,Data Confirmada — Coleta (Item),,coluna_prisma_sem_lista,data_confirmada_coleta_item,somente_prisma
data_confirmada_conferencia_draft_lpco,item,data_confirmada_conferencia_draft_lpco,,dados_extras_importacao_item,,pedido_item,Json,,DUIMP / Fiscal,,,json_chave_dados_extras_importacao_item,data_confirmada_conferencia_draft_lpco,lista_gtv
data_confirmada_deferimento_lpco,item,data_confirmada_deferimento_lpco,,dados_extras_importacao_item,,pedido_item,Json,,DUIMP / Fiscal,,,json_chave_dados_extras_importacao_item,data_confirmada_deferimento_lpco,lista_gtv
data_confirmada_envio_original_cert_origem,item,data_confirmada_envio_original_cert_origem,,dados_extras_importacao_item,,pedido_item,Json,,DUIMP / Fiscal,,,json_chave_dados_extras_importacao_item,data_confirmada_envio_original_cert_origem,lista_gtv
data_confirmada_exigencia_lpco,item,data_confirmada_exigencia_lpco,,dados_extras_importacao_item,,pedido_item,Json,,DUIMP / Fiscal,,,json_chave_dados_extras_importacao_item,data_confirmada_exigencia_lpco,lista_gtv
data_confirmada_indeferimento_lpco,item,data_confirmada_indeferimento_lpco,,dados_extras_importacao_item,,pedido_item,Json,,DUIMP / Fiscal,,,json_chave_dados_extras_importacao_item,data_confirmada_indeferimento_lpco,lista_gtv
,item,,,data_confirmada_inspecao_item,data_confirmada_inspecao_pedido,pedido_item,DateTime,,,Data Confirmada — Inspecao (Item),,coluna_prisma_sem_lista,data_confirmada_inspecao_item,somente_prisma
,item,,,data_confirmada_item_pronto,data_confirmada_pedido_pronto,pedido_item,DateTime,,,Data Confirmada — Item Pronto,,coluna_prisma_sem_lista,data_confirmada_item_pronto,somente_prisma
data_confirmada_recebimento_draft_cert_origem,item,data_confirmada_recebimento_draft_cert_origem,,dados_extras_importacao_item,,pedido_item,Json,,DUIMP / Fiscal,,,json_chave_dados_extras_importacao_item,data_confirmada_recebimento_draft_cert_origem,lista_gtv
data_confirmada_recebimento_original_cert_origem,item,data_confirmada_recebimento_original_cert_origem,,dados_extras_importacao_item,,pedido_item,Json,,DUIMP / Fiscal,,,json_chave_dados_extras_importacao_item,data_confirmada_recebimento_original_cert_origem,lista_gtv
data_confirmada_registro_lpco,item,data_confirmada_registro_lpco,,dados_extras_importacao_item,,pedido_item,Json,,DUIMP / Fiscal,,,json_chave_dados_extras_importacao_item,data_confirmada_registro_lpco,lista_gtv
data_confirmada_resultado_analise_lpco,item,data_confirmada_resultado_analise_lpco,,dados_extras_importacao_item,,pedido_item,Json,,DUIMP / Fiscal,,,json_chave_dados_extras_importacao_item,data_confirmada_resultado_analise_lpco,lista_gtv
data_consolidacao_item,item,data_consolidacao_item,,data_consolidacao_item,,pedido_item,DateTime,,Identificação,Data de Consolidação do Item,Data de Consolidação do Produto/Item,coluna_pedido_item,data_consolidacao_item,lista_gtv
,item,,,data_consolidacao_pedido_replicada_item,data_consolidacao_pedido,pedido_item,DateTime,,,,,coluna_prisma_sem_lista,data_consolidacao_pedido_replicada_item,somente_prisma
,item,,,data_criacao_item,,pedido_item,DateTime,,,,,coluna_prisma_sem_lista,data_criacao_item,somente_prisma
,item,,,data_documento_invoice_item,data_documento_invoice_pedido,pedido_item,DateTime,,,,,coluna_prisma_sem_lista,data_documento_invoice_item,somente_prisma
,item,,,data_documento_item,data_documento_pedido,pedido_item,DateTime,,,,,coluna_prisma_sem_lista,data_documento_item,somente_prisma
,item,,,data_documento_proforma_item,data_documento_proforma_pedido,pedido_item,DateTime,,,,,coluna_prisma_sem_lista,data_documento_proforma_item,somente_prisma
data_embarque_item,item,data_embarque_item,,data_embarque_item,,pedido_item,DateTime,,Identificação,Data de Embarque (Item),,coluna_pedido_item,data_embarque_item,lista_gtv
data_emissao_pedido,item,data_emissao_pedido,,data_emissao_item,data_emissao_pedido,pedido_item,DateTime,alfanumerico,Identificação,Data de Emissao (Item),,coluna_pedido_item,data_emissao_item,lista_gtv
,item,,,data_exclusao_item,,pedido_item,DateTime,,,,,coluna_prisma_sem_lista,data_exclusao_item,somente_prisma
data_meta_aprovacao_draft_cert_origem,item,data_meta_aprovacao_draft_cert_origem,,dados_extras_importacao_item,,pedido_item,Json,,DUIMP / Fiscal,,,json_chave_dados_extras_importacao_item,data_meta_aprovacao_draft_cert_origem,lista_gtv
data_meta_aprovacao_draft_lpco,item,data_meta_aprovacao_draft_lpco,,dados_extras_importacao_item,,pedido_item,Json,,DUIMP / Fiscal,,,json_chave_dados_extras_importacao_item,data_meta_aprovacao_draft_lpco,lista_gtv
,item,,,data_meta_aprovacao_rascunho_invoice_item,data_meta_aprovacao_rascunho_invoice_pedido,pedido_item,DateTime,,,,,coluna_prisma_sem_lista,data_meta_aprovacao_rascunho_invoice_item,somente_prisma
,item,,,data_meta_aprovacao_rascunho_item,data_meta_aprovacao_rascunho_pedido,pedido_item,DateTime,,,,,coluna_prisma_sem_lista,data_meta_aprovacao_rascunho_item,somente_prisma
,item,,,data_meta_aprovacao_rascunho_proforma_item,data_meta_aprovacao_rascunho_proforma_pedido,pedido_item,DateTime,,,,,coluna_prisma_sem_lista,data_meta_aprovacao_rascunho_proforma_item,somente_prisma
,item,,,data_meta_coleta_item,data_meta_coleta_pedido,pedido_item,DateTime,,,Data Meta — Coleta (Item),,coluna_prisma_sem_lista,data_meta_coleta_item,somente_prisma
data_meta_conferencia_draft_lpco,item,data_meta_conferencia_draft_lpco,,dados_extras_importacao_item,,pedido_item,Json,,DUIMP / Fiscal,,,json_chave_dados_extras_importacao_item,data_meta_conferencia_draft_lpco,lista_gtv
data_meta_deferimento_lpco,item,data_meta_deferimento_lpco,,dados_extras_importacao_item,,pedido_item,Json,,DUIMP / Fiscal,,,json_chave_dados_extras_importacao_item,data_meta_deferimento_lpco,lista_gtv
data_meta_envio_original_cert_origem,item,data_meta_envio_original_cert_origem,,dados_extras_importacao_item,,pedido_item,Json,,DUIMP / Fiscal,,,json_chave_dados_extras_importacao_item,data_meta_envio_original_cert_origem,lista_gtv
,item,,,data_meta_envio_original_invoice_item,data_meta_envio_original_invoice_pedido,pedido_item,DateTime,,,,,coluna_prisma_sem_lista,data_meta_envio_original_invoice_item,somente_prisma
,item,,,data_meta_envio_original_proforma_item,data_meta_envio_original_proforma_pedido,pedido_item,DateTime,,,,,coluna_prisma_sem_lista,data_meta_envio_original_proforma_item,somente_prisma
,item,,,data_meta_inspecao_item,data_meta_inspecao_pedido,pedido_item,DateTime,,,Data Meta — Inspecao (Item),,coluna_prisma_sem_lista,data_meta_inspecao_item,somente_prisma
,item,,,data_meta_item_pronto,data_meta_pedido_pronto,pedido_item,DateTime,,,Data Meta — Item Pronto,,coluna_prisma_sem_lista,data_meta_item_pronto,somente_prisma
data_meta_recebimento_draft_cert_origem,item,data_meta_recebimento_draft_cert_origem,,dados_extras_importacao_item,,pedido_item,Json,,DUIMP / Fiscal,,,json_chave_dados_extras_importacao_item,data_meta_recebimento_draft_cert_origem,lista_gtv
data_meta_recebimento_original_cert_origem,item,data_meta_recebimento_original_cert_origem,,dados_extras_importacao_item,,pedido_item,Json,,DUIMP / Fiscal,,,json_chave_dados_extras_importacao_item,data_meta_recebimento_original_cert_origem,lista_gtv
,item,,,data_meta_recebimento_original_invoice_item,data_meta_recebimento_original_invoice_pedido,pedido_item,DateTime,,,,,coluna_prisma_sem_lista,data_meta_recebimento_original_invoice_item,somente_prisma
,item,,,data_meta_recebimento_original_proforma_item,data_meta_recebimento_original_proforma_pedido,pedido_item,DateTime,,,,,coluna_prisma_sem_lista,data_meta_recebimento_original_proforma_item,somente_prisma
,item,,,data_meta_recebimento_rascunho_invoice_item,data_meta_recebimento_rascunho_invoice_pedido,pedido_item,DateTime,,,,,coluna_prisma_sem_lista,data_meta_recebimento_rascunho_invoice_item,somente_prisma
,item,,,data_meta_recebimento_rascunho_item,data_meta_recebimento_rascunho_pedido,pedido_item,DateTime,,,,,coluna_prisma_sem_lista,data_meta_recebimento_rascunho_item,somente_prisma
,item,,,data_meta_recebimento_rascunho_proforma_item,data_meta_recebimento_rascunho_proforma_pedido,pedido_item,DateTime,,,,,coluna_prisma_sem_lista,data_meta_recebimento_rascunho_proforma_item,somente_prisma
data_meta_registro_lpco,item,data_meta_registro_lpco,,dados_extras_importacao_item,,pedido_item,Json,,DUIMP / Fiscal,,,json_chave_dados_extras_importacao_item,data_meta_registro_lpco,lista_gtv
data_meta_resultado_analise_lpco,item,data_meta_resultado_analise_lpco,,dados_extras_importacao_item,,pedido_item,Json,,DUIMP / Fiscal,,,json_chave_dados_extras_importacao_item,data_meta_resultado_analise_lpco,lista_gtv
,item,,,data_previsao_aprovacao_rascunho_invoice_item,data_previsao_aprovacao_rascunho_invoice_pedido,pedido_item,DateTime,,,,,coluna_prisma_sem_lista,data_previsao_aprovacao_rascunho_invoice_item,somente_prisma
,item,,,data_previsao_aprovacao_rascunho_item,data_previsao_aprovacao_rascunho_pedido,pedido_item,DateTime,,,,,coluna_prisma_sem_lista,data_previsao_aprovacao_rascunho_item,somente_prisma
,item,,,data_previsao_aprovacao_rascunho_proforma_item,data_previsao_aprovacao_rascunho_proforma_pedido,pedido_item,DateTime,,,,,coluna_prisma_sem_lista,data_previsao_aprovacao_rascunho_proforma_item,somente_prisma
,item,,,data_previsao_envio_original_invoice_item,data_previsao_envio_original_invoice_pedido,pedido_item,DateTime,,,,,coluna_prisma_sem_lista,data_previsao_envio_original_invoice_item,somente_prisma
,item,,,data_previsao_envio_original_proforma_item,data_previsao_envio_original_proforma_pedido,pedido_item,DateTime,,,,,coluna_prisma_sem_lista,data_previsao_envio_original_proforma_item,somente_prisma
,item,,,data_previsao_recebimento_original_invoice_item,data_previsao_recebimento_original_invoice_pedido,pedido_item,DateTime,,,,,coluna_prisma_sem_lista,data_previsao_recebimento_original_invoice_item,somente_prisma
,item,,,data_previsao_recebimento_original_proforma_item,data_previsao_recebimento_original_proforma_pedido,pedido_item,DateTime,,,,,coluna_prisma_sem_lista,data_previsao_recebimento_original_proforma_item,somente_prisma
,item,,,data_previsao_recebimento_rascunho_invoice_item,data_previsao_recebimento_rascunho_invoice_pedido,pedido_item,DateTime,,,,,coluna_prisma_sem_lista,data_previsao_recebimento_rascunho_invoice_item,somente_prisma
,item,,,data_previsao_recebimento_rascunho_item,data_previsao_recebimento_rascunho_pedido,pedido_item,DateTime,,,,,coluna_prisma_sem_lista,data_previsao_recebimento_rascunho_item,somente_prisma
,item,,,data_previsao_recebimento_rascunho_proforma_item,data_previsao_recebimento_rascunho_proforma_pedido,pedido_item,DateTime,,,,,coluna_prisma_sem_lista,data_previsao_recebimento_rascunho_proforma_item,somente_prisma
data_prevista_aprovacao_draft_cert_origem,item,data_prevista_aprovacao_draft_cert_origem,,dados_extras_importacao_item,,pedido_item,Json,,DUIMP / Fiscal,,,json_chave_dados_extras_importacao_item,data_prevista_aprovacao_draft_cert_origem,lista_gtv
data_prevista_aprovacao_draft_lpco,item,data_prevista_aprovacao_draft_lpco,,dados_extras_importacao_item,,pedido_item,Json,,DUIMP / Fiscal,,,json_chave_dados_extras_importacao_item,data_prevista_aprovacao_draft_lpco,lista_gtv
,item,,,data_prevista_coleta_item,data_prevista_coleta_pedido,pedido_item,DateTime,,,Data Prevista — Coleta (Item),,coluna_prisma_sem_lista,data_prevista_coleta_item,somente_prisma
data_prevista_conferencia_draft_lpco,item,data_prevista_conferencia_draft_lpco,,dados_extras_importacao_item,,pedido_item,Json,,DUIMP / Fiscal,,,json_chave_dados_extras_importacao_item,data_prevista_conferencia_draft_lpco,lista_gtv
data_prevista_deferimento_lpco,item,data_prevista_deferimento_lpco,,dados_extras_importacao_item,,pedido_item,Json,,DUIMP / Fiscal,,,json_chave_dados_extras_importacao_item,data_prevista_deferimento_lpco,lista_gtv
data_prevista_envio_original_cert_origem,item,data_prevista_envio_original_cert_origem,,dados_extras_importacao_item,,pedido_item,Json,,DUIMP / Fiscal,,,json_chave_dados_extras_importacao_item,data_prevista_envio_original_cert_origem,lista_gtv
,item,,,data_prevista_inspecao_item,data_prevista_inspecao_pedido,pedido_item,DateTime,,,Data Prevista — Inspecao (Item),,coluna_prisma_sem_lista,data_prevista_inspecao_item,somente_prisma
,item,,,data_prevista_item_pronto,data_prevista_pedido_pronto,pedido_item,DateTime,,,Data Prevista — Item Pronto,,coluna_prisma_sem_lista,data_prevista_item_pronto,somente_prisma
data_prevista_recebimento_draft_cert_origem,item,data_prevista_recebimento_draft_cert_origem,,dados_extras_importacao_item,,pedido_item,Json,,DUIMP / Fiscal,,,json_chave_dados_extras_importacao_item,data_prevista_recebimento_draft_cert_origem,lista_gtv
data_prevista_recebimento_original_cert_origem,item,data_prevista_recebimento_original_cert_origem,,dados_extras_importacao_item,,pedido_item,Json,,DUIMP / Fiscal,,,json_chave_dados_extras_importacao_item,data_prevista_recebimento_original_cert_origem,lista_gtv
data_prevista_registro_lpco,item,data_prevista_registro_lpco,,dados_extras_importacao_item,,pedido_item,Json,,DUIMP / Fiscal,,,json_chave_dados_extras_importacao_item,data_prevista_registro_lpco,lista_gtv
data_prevista_resultado_analise_lpco,item,data_prevista_resultado_analise_lpco,,dados_extras_importacao_item,,pedido_item,Json,,DUIMP / Fiscal,,,json_chave_dados_extras_importacao_item,data_prevista_resultado_analise_lpco,lista_gtv
data_transferencia_item,item,data_transferencia_item,,dados_extras_importacao_item,,pedido_item,Json,,Identificação,Data de Transferência do Item,Data de Transferência do Produto/Item,json_chave_dados_extras_importacao_item,data_transferencia_item,lista_gtv
,item,,,data_transferencia_saldo_item,data_transferencia_saldo_pedido,pedido_item,DateTime,,,,,coluna_prisma_sem_lista,data_transferencia_saldo_item,somente_prisma
descricao_complementar_duimp,item,descricao_complementar_duimp,,dados_extras_importacao_item,,pedido_item,Json,,DUIMP / Fiscal,,,json_chave_dados_extras_importacao_item,descricao_complementar_duimp,lista_gtv
descricao_completa_duimp,item,descricao_completa_duimp,,dados_extras_importacao_item,,pedido_item,Json,,DUIMP / Fiscal,,,json_chave_dados_extras_importacao_item,descricao_completa_duimp,lista_gtv
descricao_completa_item_en,item,descricao_completa_item_en,,descricao_completa_item_en,,pedido_item,String,,Identificação,Descrição Completa do Item/Produto - Inglês,Descrição do Produto (Inglês),coluna_pedido_item,descricao_completa_item_en,lista_gtv
descricao_completa_item_es,item,descricao_completa_item_es,,descricao_completa_item_es,,pedido_item,String,,Identificação,Descrição Completa do Item/Produto - Espanhol,Descrição do Produto (Espanhol),coluna_pedido_item,descricao_completa_item_es,lista_gtv
descricao_completa_item_nf,item,descricao_completa_item_nf,,descricao_completa_item_nf,,pedido_item,String,,Identificação,Descrição Completa do Item/Produto - NF,Descrição Espelho da Nota Fiscal,coluna_pedido_item,descricao_completa_item_nf,lista_gtv
descricao_completa_item_pt,item,descricao_completa_item_pt,,descricao_completa_item_pt,,pedido_item,String,,Identificação,Descrição Completa do Item/Produto,Descrição Completa do Produto,coluna_pedido_item,descricao_completa_item_pt,lista_gtv
descricao_item,item,descricao_item,,descricao_item,,pedido_item,String,alfanumerico,Identificação,Descrição do Item,,coluna_pedido_item,descricao_item,lista_gtv
descricao_resumida_duimp,item,descricao_resumida_duimp,,dados_extras_importacao_item,,pedido_item,Json,,DUIMP / Fiscal,,,json_chave_dados_extras_importacao_item,descricao_resumida_duimp,lista_gtv
existe_tratamento_administrativo_duimp,item,existe_tratamento_administrativo_duimp,,dados_extras_importacao_item,,pedido_item,Json,,DUIMP / Fiscal,,,json_chave_dados_extras_importacao_item,existe_tratamento_administrativo_duimp,lista_gtv
grupo_item,item,grupo_item,,grupo_item,,pedido_item,String,,Identificação,Grupo do Item/Produto,Grupo do Produto,coluna_pedido_item,grupo_item,lista_gtv
,item,,,id_item,,pedido_item,String,,,,,coluna_prisma_sem_lista,id_item,somente_prisma
,item,,,id_organizacao,,pedido_item,String,,,,,coluna_prisma_sem_lista,id_organizacao,somente_prisma
,item,,,id_pedido,,pedido_item,String,,,,,coluna_prisma_sem_lista,id_pedido,somente_prisma
,item,,,id_workspace,id_workspace,pedido_item,String,,,,,coluna_prisma_sem_lista,id_workspace,somente_prisma
incoterm,item,incoterm,,incoterm_item,incoterm_pedido,pedido_item,String,alfanumerico,Quantidades,Incoterm (Item),,coluna_pedido_item,incoterm_item,lista_gtv
incoterm_duimp,item,incoterm_duimp,,dados_extras_importacao_item,,pedido_item,Json,,DUIMP / Fiscal,,,json_chave_dados_extras_importacao_item,incoterm_duimp,lista_gtv
metodo_valoracao_duimp,item,metodo_valoracao_duimp,,dados_extras_importacao_item,,pedido_item,Json,,DUIMP / Fiscal,,,json_chave_dados_extras_importacao_item,metodo_valoracao_duimp,lista_gtv
,item,,,moeda_cambio_item_pedido,moeda_cambio_pedido,pedido_item,String,,,,,coluna_prisma_sem_lista,moeda_cambio_item_pedido,somente_prisma
moeda_item,item,moeda_item,,moeda_item,moeda_pedido,pedido_item,String,,Quantidades,Moeda do Item,,coluna_pedido_item,moeda_item,lista_gtv
moeda_produto_duimp,item,moeda_produto_duimp,,dados_extras_importacao_item,,pedido_item,Json,,DUIMP / Fiscal,,,json_chave_dados_extras_importacao_item,moeda_produto_duimp,lista_gtv
motivo_sem_cobertura_duimp,item,motivo_sem_cobertura_duimp,,dados_extras_importacao_item,,pedido_item,Json,,DUIMP / Fiscal,,,json_chave_dados_extras_importacao_item,motivo_sem_cobertura_duimp,lista_gtv
ncm,item,ncm,,ncm_item,,pedido_item,String,alfanumerico,Identificação,NCM,,coluna_pedido_item,ncm_item,lista_gtv
ncm_duimp,item,ncm_duimp,,dados_extras_importacao_item,,pedido_item,Json,,DUIMP / Fiscal,,,json_chave_dados_extras_importacao_item,ncm_duimp,lista_gtv
,item,,,nome_exportador_item,,pedido_item,String,,,Exportador (Item),,coluna_prisma_sem_lista,nome_exportador_item,somente_prisma
,item,,,nome_fabricante_item,,pedido_item,String,,,Fabricante (Item),,coluna_prisma_sem_lista,nome_fabricante_item,somente_prisma
,item,,,nome_importador_item,,pedido_item,String,,,Importador (Item),,coluna_prisma_sem_lista,nome_importador_item,somente_prisma
nome_ope_duimp,item,nome_ope_duimp,,dados_extras_importacao_item,,pedido_item,Json,,DUIMP / Fiscal,,,json_chave_dados_extras_importacao_item,nome_ope_duimp,lista_gtv
nome_ope_fabricante_duimp,item,nome_ope_fabricante_duimp,,dados_extras_importacao_item,,pedido_item,Json,,DUIMP / Fiscal,,,json_chave_dados_extras_importacao_item,nome_ope_fabricante_duimp,lista_gtv
numero_certificado_origem,item,numero_certificado_origem,,numero_certificado_origem,,pedido_item,String,,DUIMP / Fiscal,Número do Certificado de Origem,Número do Certificado de Origem,coluna_pedido_item,numero_certificado_origem,lista_gtv
,item,,,numero_invoice_item,numero_invoice_pedido,pedido_item,String,,,No Invoice (Item),,coluna_prisma_sem_lista,numero_invoice_item,somente_prisma
numero_lpco,item,numero_lpco,,numero_lpco,,pedido_item,String,,DUIMP / Fiscal,Número LPCO,Número LPCO,coluna_pedido_item,numero_lpco,lista_gtv
numero_lpco_trat_adm_duimp,item,numero_lpco_trat_adm_duimp,,dados_extras_importacao_item,,pedido_item,Json,,DUIMP / Fiscal,,,json_chave_dados_extras_importacao_item,numero_lpco_trat_adm_duimp,lista_gtv
,item,,,numero_proforma_item,numero_proforma_pedido,pedido_item,String,,,No Proforma (Item),,coluna_prisma_sem_lista,numero_proforma_item,somente_prisma
numero_rof_bacen_duimp,item,numero_rof_bacen_duimp,,dados_extras_importacao_item,,pedido_item,Json,,DUIMP / Fiscal,,,json_chave_dados_extras_importacao_item,numero_rof_bacen_duimp,lista_gtv
orgao_trat_adm_duimp,item,orgao_trat_adm_duimp,,dados_extras_importacao_item,,pedido_item,Json,,DUIMP / Fiscal,,,json_chave_dados_extras_importacao_item,orgao_trat_adm_duimp,lista_gtv
pais_fabricante_ope_duimp,item,pais_fabricante_ope_duimp,,dados_extras_importacao_item,,pedido_item,Json,,DUIMP / Fiscal,,,json_chave_dados_extras_importacao_item,pais_fabricante_ope_duimp,lista_gtv
pais_ope_duimp,item,pais_ope_duimp,,dados_extras_importacao_item,,pedido_item,Json,,DUIMP / Fiscal,,,json_chave_dados_extras_importacao_item,pais_ope_duimp,lista_gtv
part_number,item,part_number,,part_number_item,,pedido_item,String,,Identificação,Part Number,,coluna_pedido_item,part_number_item,lista_gtv
percentual_cofins_duimp,item,percentual_cofins_duimp,,dados_extras_importacao_item,,pedido_item,Json,,DUIMP / Fiscal,,,json_chave_dados_extras_importacao_item,percentual_cofins_duimp,lista_gtv
percentual_ii_duimp,item,percentual_ii_duimp,,dados_extras_importacao_item,,pedido_item,Json,,DUIMP / Fiscal,,,json_chave_dados_extras_importacao_item,percentual_ii_duimp,lista_gtv
percentual_ipi_duimp,item,percentual_ipi_duimp,,dados_extras_importacao_item,,pedido_item,Json,,DUIMP / Fiscal,,,json_chave_dados_extras_importacao_item,percentual_ipi_duimp,lista_gtv
percentual_pis_duimp,item,percentual_pis_duimp,,dados_extras_importacao_item,,pedido_item,Json,,DUIMP / Fiscal,,,json_chave_dados_extras_importacao_item,percentual_pis_duimp,lista_gtv
,item,,,peso_bruto_unidade_item,,pedido_item,String,,,,,coluna_prisma_sem_lista,peso_bruto_unidade_item,somente_prisma
peso_bruto_unitario,item,peso_bruto_unitario,,peso_bruto_unitario_item,,pedido_item,Decimal,,Dados Físicos,Peso Bruto Unitário do Item,Peso Bruto Unitário,coluna_pedido_item,peso_bruto_unitario_item,lista_gtv
,item,,,peso_liquido_unidade_item,,pedido_item,String,,,,,coluna_prisma_sem_lista,peso_liquido_unidade_item,somente_prisma
peso_liquido_unitario,item,peso_liquido_unitario,,peso_liquido_unitario_item,,pedido_item,Decimal,,Dados Físicos,Peso Líquido Unitário do Item,Peso Líquido Unitário,coluna_pedido_item,peso_liquido_unitario_item,lista_gtv
quantidade_atual_pedido,item,quantidade_atual_pedido,,quantidade_atual_item,,pedido_item,Decimal,,Quantidades,Saldo,Saldo calculado: A - B - C,coluna_pedido_item,quantidade_atual_item,lista_gtv
quantidade_cancelada_pedido,item,quantidade_cancelada_pedido,,quantidade_cancelada_item,,pedido_item,Decimal,,Quantidades,Quantidade Cancelada do Item no Pedido,Quantidade Cancelada,coluna_pedido_item,quantidade_cancelada_item,lista_gtv
quantidade_inicial_pedido,item,quantidade_inicial_pedido,,quantidade_inicial_item,,pedido_item,Decimal,,Quantidades,Qtd. Inicial do Item no Pedido,Quantidade Inicial,coluna_pedido_item,quantidade_inicial_item,lista_gtv
quantidade_pronta_item,item,quantidade_pronta_item,,quantidade_pronta_item,,pedido_item,Decimal,,Quantidades,Quantidade Pronta do Item no Pedido,Quantidade Pronta,coluna_pedido_item,quantidade_pronta_item,lista_gtv
quantidade_transferida_pedido,item,quantidade_transferida_pedido,,quantidade_transferida_item,,pedido_item,Decimal,,Quantidades,Quantidade Transferida do Item no Pedido,Quantidade Transferida,coluna_pedido_item,quantidade_transferida_item,lista_gtv
quantidade_unidade_estatistica,item,quantidade_unidade_estatistica,,,,,,,Quantidades,Qtd. Estatística,Quantidade na Unidade Estatística,coluna_virtual_ui,quantidade_unidade_estatistica_duimp+unidade_estatistica_duimp,lista_gtv
,item,,,referencia_exportador_item,referencia_exportador_pedido,pedido_item,String,,,Referencia Exportador (Item),,coluna_prisma_sem_lista,referencia_exportador_item,somente_prisma
,item,,,referencia_fabricante_item,referencia_fabricante_pedido,pedido_item,String,,,Referencia Fabricante (Item),,coluna_prisma_sem_lista,referencia_fabricante_item,somente_prisma
,item,,,referencia_importador_item,referencia_importador_pedido,pedido_item,String,,,Referencia Importador (Item),,coluna_prisma_sem_lista,referencia_importador_item,somente_prisma
relacao_exportador_fabricante_duimp,item,relacao_exportador_fabricante_duimp,,dados_extras_importacao_item,,pedido_item,Json,,DUIMP / Fiscal,,,json_chave_dados_extras_importacao_item,relacao_exportador_fabricante_duimp,lista_gtv
sequencia_item,item,sequencia_item,,sequencia_item_pedido,,pedido_item,Int,,Identificação,Seq. Item,Sequência do Item,coluna_pedido_item,sequencia_item_pedido,lista_gtv
subgrupo_item,item,subgrupo_item,,subgrupo_item,,pedido_item,String,,Identificação,Subgrupo do Item/Produto,Subgrupo do Produto,coluna_pedido_item,subgrupo_item,lista_gtv
texto_posicao_ncm,item,texto_posicao_ncm,,texto_posicao_ncm,,pedido_item,String,,Identificação,Texto NCM,Texto da Posição NCM,coluna_pedido_item,texto_posicao_ncm,lista_gtv
tipo_cobertura_cambial_duimp,item,tipo_cobertura_cambial_duimp,,dados_extras_importacao_item,,pedido_item,Json,,DUIMP / Fiscal,,,json_chave_dados_extras_importacao_item,tipo_cobertura_cambial_duimp,lista_gtv
tipo_embalagem,item,tipo_embalagem,,tipo_embalagem,,pedido_item,String,,Dados Físicos,Tipo de Embalagem,Tipo de Embalagem,coluna_pedido_item,tipo_embalagem,lista_gtv
tipo_operacao_duimp,item,tipo_operacao_duimp,,dados_extras_importacao_item,,pedido_item,Json,,DUIMP / Fiscal,,,json_chave_dados_extras_importacao_item,tipo_operacao_duimp,lista_gtv
tipo_operacao_item,item,tipo_operacao_item,,tipo_operacao_item,tipo_operacao_pedido,pedido_item,String,,Identificação,Tipo de Operacao (Item),,coluna_pedido_item,tipo_operacao_item,lista_gtv
tipo_trat_adm_duimp,item,tipo_trat_adm_duimp,,dados_extras_importacao_item,,pedido_item,Json,,DUIMP / Fiscal,,,json_chave_dados_extras_importacao_item,tipo_trat_adm_duimp,lista_gtv
,item,,,tipo_volume_item,tipo_volume_pedido,pedido_item,String,,,Tipo Volume Item,,coluna_prisma_sem_lista,tipo_volume_item,somente_prisma
unidade_comercializada_item,item,unidade_comercializada_item,,unidade_comercializada_item,unidade_comercializada_pedido,pedido_item,String,,Quantidades,Unidade Comercializada do Item,,coluna_pedido_item,unidade_comercializada_item,lista_gtv
valor_aduaneiro_brl_duimp,item,valor_aduaneiro_brl_duimp,,dados_extras_importacao_item,,pedido_item,Json,,DUIMP / Fiscal,,,json_chave_dados_extras_importacao_item,valor_aduaneiro_brl_duimp,lista_gtv
valor_condicao_venda_brl_duimp,item,valor_condicao_venda_brl_duimp,,dados_extras_importacao_item,,pedido_item,Json,,DUIMP / Fiscal,,,json_chave_dados_extras_importacao_item,valor_condicao_venda_brl_duimp,lista_gtv
valor_devido_ii_duimp,item,valor_devido_ii_duimp,,dados_extras_importacao_item,,pedido_item,Json,,DUIMP / Fiscal,,,json_chave_dados_extras_importacao_item,valor_devido_ii_duimp,lista_gtv
valor_frete_internacional_brl_duimp,item,valor_frete_internacional_brl_duimp,,dados_extras_importacao_item,,pedido_item,Json,,DUIMP / Fiscal,,,json_chave_dados_extras_importacao_item,valor_frete_internacional_brl_duimp,lista_gtv
valor_local_embarque_brl_duimp,item,valor_local_embarque_brl_duimp,,dados_extras_importacao_item,,pedido_item,Json,,DUIMP / Fiscal,,,json_chave_dados_extras_importacao_item,valor_local_embarque_brl_duimp,lista_gtv
valor_recolher_cofins_duimp,item,valor_recolher_cofins_duimp,,dados_extras_importacao_item,,pedido_item,Json,,DUIMP / Fiscal,,,json_chave_dados_extras_importacao_item,valor_recolher_cofins_duimp,lista_gtv
valor_recolher_ii_duimp,item,valor_recolher_ii_duimp,,dados_extras_importacao_item,,pedido_item,Json,,DUIMP / Fiscal,,,json_chave_dados_extras_importacao_item,valor_recolher_ii_duimp,lista_gtv
valor_recolher_ipi_duimp,item,valor_recolher_ipi_duimp,,dados_extras_importacao_item,,pedido_item,Json,,DUIMP / Fiscal,,,json_chave_dados_extras_importacao_item,valor_recolher_ipi_duimp,lista_gtv
valor_recolher_pis_duimp,item,valor_recolher_pis_duimp,,dados_extras_importacao_item,,pedido_item,Json,,DUIMP / Fiscal,,,json_chave_dados_extras_importacao_item,valor_recolher_pis_duimp,lista_gtv
valor_seguro_internacional_brl_duimp,item,valor_seguro_internacional_brl_duimp,,dados_extras_importacao_item,,pedido_item,Json,,DUIMP / Fiscal,,,json_chave_dados_extras_importacao_item,valor_seguro_internacional_brl_duimp,lista_gtv
,item,,,valor_total_cambio_item_pedido,,pedido_item,Decimal,,,,,coluna_prisma_sem_lista,valor_total_cambio_item_pedido,somente_prisma
valor_total_condicao_venda_duimp,item,valor_total_condicao_venda_duimp,,dados_extras_importacao_item,,pedido_item,Json,,DUIMP / Fiscal,,,json_chave_dados_extras_importacao_item,valor_total_condicao_venda_duimp,lista_gtv
,item,,,valor_total_item,,pedido_item,Decimal,,,Valor Total do Item,,coluna_prisma_sem_lista,valor_total_item,somente_prisma
valor_unitario_duimp,item,valor_unitario_duimp,,dados_extras_importacao_item,,pedido_item,Json,,DUIMP / Fiscal,,,json_chave_dados_extras_importacao_item,valor_unitario_duimp,lista_gtv
versao_produto_duimp,item,versao_produto_duimp,,dados_extras_importacao_item,,pedido_item,Json,,DUIMP / Fiscal,,,json_chave_dados_extras_importacao_item,versao_produto_duimp,lista_gtv
vinculacao_preco_duimp,item,vinculacao_preco_duimp,,dados_extras_importacao_item,,pedido_item,Json,,DUIMP / Fiscal,,,json_chave_dados_extras_importacao_item,vinculacao_preco_duimp,lista_gtv
aeroporto_destino,pedido,aeroporto_destino,aeroporto_destino,,,pedido,String,alfanumerico,Logística,Aeroporto de Destino,Aeroporto de Destino,coluna_pedido,aeroporto_destino,lista_gtv
aeroporto_origem,pedido,aeroporto_origem,aeroporto_origem,,,pedido,String,alfanumerico,Logística,Aeroporto de Origem,Aeroporto de Origem,coluna_pedido,aeroporto_origem,lista_gtv
anexo_invoice,pedido,anexo_invoice,,,,anexo_pedido,,,Identificação,Anexo da Invoice,Anexo da Invoice,tabela_anexo_pedido,categoria_anexo_pedido=invoice,lista_gtv
anexo_pedido,pedido,anexo_pedido,,,,anexo_pedido,,,Identificação,Anexo do Pedido,Anexo do Pedido,tabela_anexo_pedido,categoria_anexo_pedido=pedido,lista_gtv
anexo_proforma,pedido,anexo_proforma,,,,anexo_pedido,,,Identificação,Anexo da Proforma,Anexo da Fatura Proforma,tabela_anexo_pedido,categoria_anexo_pedido=proforma,lista_gtv
cargo_contato_exportador,pedido,cargo_contato_exportador,,,,pedido,,,Partes,Cargo do Contato no Exportador,Cargo do Contato no Exportador,json_extras_ou_detalhes_operacionais,cargo_contato_exportador,lista_gtv
,pedido,,casas_decimais_cubagem_pedido,,casas_decimais_cubagem_item,pedido,Int,,,,,coluna_prisma_sem_lista,casas_decimais_cubagem_pedido,somente_prisma
,pedido,,casas_decimais_peso_pedido,,casas_decimais_peso_item,pedido,Int,,,,,coluna_prisma_sem_lista,casas_decimais_peso_pedido,somente_prisma
,pedido,,casas_decimais_quantidade_pedido,,casas_decimais_quantidade_item,pedido,Int,,,,,coluna_prisma_sem_lista,casas_decimais_quantidade_pedido,somente_prisma
,pedido,,casas_decimais_valor_pedido,,casas_decimais_valor_item,pedido,Int,,,,,coluna_prisma_sem_lista,casas_decimais_valor_pedido,somente_prisma
cidade_exportador,pedido,cidade_exportador,,,,pedido,,somente_leitura,Partes,Cidade do Exportador,Cidade do Exportador,json_extras_ou_detalhes_operacionais,cidade_exportador,lista_gtv
cidade_fabricante,pedido,cidade_fabricante,,,,pedido,,,Partes,Cidade do Fabricante,Cidade do Fabricante,json_extras_ou_detalhes_operacionais,cidade_fabricante,lista_gtv
cidade_ope,pedido,cidade_ope,,,,pedido,,,Partes,Cidade do OPE,Cidade do OPE,json_extras_ou_detalhes_operacionais,cidade_ope,lista_gtv
cnpj_exportador,pedido,cnpj_exportador,,,,pedido,,,Partes,CNPJ do Exportador,CNPJ do Exportador,snapshot_empresa_ou_json_ou_item,cnpj_exportador,lista_gtv
cnpj_importador,pedido,cnpj_importador,,,,pedido,,,Partes,CNPJ do Importador,CNPJ do Importador,json_extras_ou_detalhes_operacionais,cnpj_importador,lista_gtv
,pedido,,cnpj_importador_pedido,,,pedido,String,,,Importador — CNPJ,,coluna_prisma_sem_lista,cnpj_importador_pedido,somente_prisma
cnpj_raiz_empresa_responsavel,pedido,cnpj_raiz_empresa_responsavel,,,,pedido,,,Partes,CNPJ Raiz Empresa Responsável,CNPJ Raiz da Empresa Responsável,json_extras_ou_detalhes_operacionais,cnpj_raiz_empresa_responsavel,lista_gtv
cobertura_cambial,pedido,cobertura_cambial,cobertura_cambial_pedido,,cobertura_cambial_item,pedido,String,alfanumerico,Financeiro,Cobertura Cambial do Pedido/Item,,coluna_pedido,cobertura_cambial_pedido,lista_gtv
codigo_ope,pedido,codigo_ope,,,,pedido,,,Partes,Código do OPE,Código do Operador Exterior,json_extras_ou_detalhes_operacionais,codigo_ope,lista_gtv
condicao_pagamento,pedido,condicao_pagamento,condicao_pagamento_pedido,,condicao_pagamento_item,pedido,String,alfanumerico,Financeiro,Condição de Pagamento do Pedido/Item — Comercial,,coluna_pedido,condicao_pagamento_pedido,lista_gtv
condicao_pagamento_siscomex,pedido,condicao_pagamento_siscomex,condicao_pagamento_siscomex_pedido,,condicao_pagamento_siscomex_item,pedido,String,alfanumerico,Financeiro,Condição de Pagamento do Pedido/Item — Siscomex,Modalidade de Pagamento — Siscomex,coluna_pedido,condicao_pagamento_siscomex_pedido,lista_gtv
contrato_cambio_id_pedido,pedido,contrato_cambio_id_pedido,contrato_cambio_id_pedido,,,pedido,String,,Câmbio,Contrato de Câmbio,,coluna_pedido,contrato_cambio_id_pedido,lista_gtv
cubagem_total_pedido,pedido,cubagem_total_pedido,cubagem_total_pedido,,,pedido,Decimal,calculado,Dados Físicos,Cubagem Total,Cubagem Total do Pedido,coluna_pedido,cubagem_total_pedido,lista_gtv
,pedido,,dados_extras_importacao_pedido,,,pedido,Json,,,,,coluna_prisma_sem_lista,dados_extras_importacao_pedido,somente_prisma
,pedido,,data_atualizacao_pedido,,,pedido,DateTime,,,,,coluna_prisma_sem_lista,data_atualizacao_pedido,somente_prisma
,pedido,,data_confirmacao_aprovacao_rascunho_invoice_pedido,,data_confirmacao_aprovacao_rascunho_invoice_item,pedido,DateTime,,,Draft Invoice — Conf. Aprovacao,,coluna_prisma_sem_lista,data_confirmacao_aprovacao_rascunho_invoice_pedido,somente_prisma
,pedido,,data_confirmacao_aprovacao_rascunho_pedido,,data_confirmacao_aprovacao_rascunho_item,pedido,DateTime,,,Draft Pedido — Conf. Aprovacao,,coluna_prisma_sem_lista,data_confirmacao_aprovacao_rascunho_pedido,somente_prisma
,pedido,,data_confirmacao_aprovacao_rascunho_proforma_pedido,,data_confirmacao_aprovacao_rascunho_proforma_item,pedido,DateTime,,,Draft Proforma — Conf. Aprovacao,,coluna_prisma_sem_lista,data_confirmacao_aprovacao_rascunho_proforma_pedido,somente_prisma
,pedido,,data_confirmacao_envio_original_invoice_pedido,,data_confirmacao_envio_original_invoice_item,pedido,DateTime,,,Original Invoice — Conf. Envio,,coluna_prisma_sem_lista,data_confirmacao_envio_original_invoice_pedido,somente_prisma
,pedido,,data_confirmacao_envio_original_proforma_pedido,,data_confirmacao_envio_original_proforma_item,pedido,DateTime,,,Original Proforma — Conf. Envio,,coluna_prisma_sem_lista,data_confirmacao_envio_original_proforma_pedido,somente_prisma
,pedido,,data_confirmacao_recebimento_original_invoice_pedido,,data_confirmacao_recebimento_original_invoice_item,pedido,DateTime,,,Original Invoice — Conf. Recebimento,,coluna_prisma_sem_lista,data_confirmacao_recebimento_original_invoice_pedido,somente_prisma
,pedido,,data_confirmacao_recebimento_original_proforma_pedido,,data_confirmacao_recebimento_original_proforma_item,pedido,DateTime,,,Original Proforma — Conf. Recebimento,,coluna_prisma_sem_lista,data_confirmacao_recebimento_original_proforma_pedido,somente_prisma
,pedido,,data_confirmacao_recebimento_rascunho_invoice_pedido,,data_confirmacao_recebimento_rascunho_invoice_item,pedido,DateTime,,,Draft Invoice — Conf. Recebimento,,coluna_prisma_sem_lista,data_confirmacao_recebimento_rascunho_invoice_pedido,somente_prisma
,pedido,,data_confirmacao_recebimento_rascunho_pedido,,data_confirmacao_recebimento_rascunho_item,pedido,DateTime,,,Draft Pedido — Conf. Recebimento,,coluna_prisma_sem_lista,data_confirmacao_recebimento_rascunho_pedido,somente_prisma
,pedido,,data_confirmacao_recebimento_rascunho_proforma_pedido,,data_confirmacao_recebimento_rascunho_proforma_item,pedido,DateTime,,,Draft Proforma — Conf. Recebimento,,coluna_prisma_sem_lista,data_confirmacao_recebimento_rascunho_proforma_pedido,somente_prisma
,pedido,,data_confirmada_coleta_pedido,,data_confirmada_coleta_item,pedido,DateTime,,,Data Confirmada — Coleta,,coluna_prisma_sem_lista,data_confirmada_coleta_pedido,somente_prisma
,pedido,,data_confirmada_inspecao_pedido,,data_confirmada_inspecao_item,pedido,DateTime,,,Data Confirmada — Inspecao,,coluna_prisma_sem_lista,data_confirmada_inspecao_pedido,somente_prisma
,pedido,,data_confirmada_pedido_pronto,,data_confirmada_item_pronto,pedido,DateTime,,,Data Confirmada — Pedido Pronto,,coluna_prisma_sem_lista,data_confirmada_pedido_pronto,somente_prisma
,pedido,,data_consolidacao_pedido,,data_consolidacao_pedido_replicada_item,pedido,DateTime,,,Data de Consolidacao,,coluna_prisma_sem_lista,data_consolidacao_pedido,somente_prisma
,pedido,,data_criacao_pedido,,,pedido,DateTime,,,,,coluna_prisma_sem_lista,data_criacao_pedido,somente_prisma
,pedido,,data_documento_invoice_pedido,,data_documento_invoice_item,pedido,DateTime,,,Data do Documento Invoice,,coluna_prisma_sem_lista,data_documento_invoice_pedido,somente_prisma
,pedido,,data_documento_pedido,,data_documento_item,pedido,DateTime,,,Data do Documento,,coluna_prisma_sem_lista,data_documento_pedido,somente_prisma
,pedido,,data_documento_proforma_pedido,,data_documento_proforma_item,pedido,DateTime,,,Data do Documento Proforma,,coluna_prisma_sem_lista,data_documento_proforma_pedido,somente_prisma
,pedido,,data_embarque_origem,,,pedido,DateTime,,,Data de Embarque na Origem,,coluna_prisma_sem_lista,data_embarque_origem,somente_prisma
data_emissao_pedido,pedido,data_emissao_pedido,data_emissao_pedido,,data_emissao_item,pedido,DateTime,alfanumerico,Datas,Data do Pedido,Data do Pedido,coluna_pedido,data_emissao_pedido,lista_gtv
,pedido,,data_exclusao_pedido,,,pedido,DateTime,,,,,coluna_prisma_sem_lista,data_exclusao_pedido,somente_prisma
,pedido,,data_invoice,,,pedido,DateTime,,,Data da Invoice,,coluna_prisma_sem_lista,data_invoice,somente_prisma
,pedido,,data_meta_aprovacao_rascunho_invoice_pedido,,data_meta_aprovacao_rascunho_invoice_item,pedido,DateTime,,,Draft Invoice — Meta Aprovacao,,coluna_prisma_sem_lista,data_meta_aprovacao_rascunho_invoice_pedido,somente_prisma
,pedido,,data_meta_aprovacao_rascunho_pedido,,data_meta_aprovacao_rascunho_item,pedido,DateTime,,,Draft Pedido — Meta Aprovacao,,coluna_prisma_sem_lista,data_meta_aprovacao_rascunho_pedido,somente_prisma
,pedido,,data_meta_aprovacao_rascunho_proforma_pedido,,data_meta_aprovacao_rascunho_proforma_item,pedido,DateTime,,,Draft Proforma — Meta Aprovacao,,coluna_prisma_sem_lista,data_meta_aprovacao_rascunho_proforma_pedido,somente_prisma
,pedido,,data_meta_coleta_pedido,,data_meta_coleta_item,pedido,DateTime,,,Data Meta — Coleta,,coluna_prisma_sem_lista,data_meta_coleta_pedido,somente_prisma
,pedido,,data_meta_envio_original_invoice_pedido,,data_meta_envio_original_invoice_item,pedido,DateTime,,,Original Invoice — Meta Envio,,coluna_prisma_sem_lista,data_meta_envio_original_invoice_pedido,somente_prisma
,pedido,,data_meta_envio_original_proforma_pedido,,data_meta_envio_original_proforma_item,pedido,DateTime,,,Original Proforma — Meta Envio,,coluna_prisma_sem_lista,data_meta_envio_original_proforma_pedido,somente_prisma
,pedido,,data_meta_inspecao_pedido,,data_meta_inspecao_item,pedido,DateTime,,,Data Meta — Inspecao,,coluna_prisma_sem_lista,data_meta_inspecao_pedido,somente_prisma
,pedido,,data_meta_pedido_pronto,,data_meta_item_pronto,pedido,DateTime,,,Data Meta — Pedido Pronto,,coluna_prisma_sem_lista,data_meta_pedido_pronto,somente_prisma
,pedido,,data_meta_recebimento_original_invoice_pedido,,data_meta_recebimento_original_invoice_item,pedido,DateTime,,,Original Invoice — Meta Recebimento,,coluna_prisma_sem_lista,data_meta_recebimento_original_invoice_pedido,somente_prisma
,pedido,,data_meta_recebimento_original_proforma_pedido,,data_meta_recebimento_original_proforma_item,pedido,DateTime,,,Original Proforma — Meta Recebimento,,coluna_prisma_sem_lista,data_meta_recebimento_original_proforma_pedido,somente_prisma
,pedido,,data_meta_recebimento_rascunho_invoice_pedido,,data_meta_recebimento_rascunho_invoice_item,pedido,DateTime,,,Draft Invoice — Meta Recebimento,,coluna_prisma_sem_lista,data_meta_recebimento_rascunho_invoice_pedido,somente_prisma
,pedido,,data_meta_recebimento_rascunho_pedido,,data_meta_recebimento_rascunho_item,pedido,DateTime,,,Draft Pedido — Meta Recebimento,,coluna_prisma_sem_lista,data_meta_recebimento_rascunho_pedido,somente_prisma
,pedido,,data_meta_recebimento_rascunho_proforma_pedido,,data_meta_recebimento_rascunho_proforma_item,pedido,DateTime,,,Draft Proforma — Meta Recebimento,,coluna_prisma_sem_lista,data_meta_recebimento_rascunho_proforma_pedido,somente_prisma
,pedido,,data_previsao_aprovacao_rascunho_invoice_pedido,,data_previsao_aprovacao_rascunho_invoice_item,pedido,DateTime,,,Draft Invoice — Prev. Aprovacao,,coluna_prisma_sem_lista,data_previsao_aprovacao_rascunho_invoice_pedido,somente_prisma
,pedido,,data_previsao_aprovacao_rascunho_pedido,,data_previsao_aprovacao_rascunho_item,pedido,DateTime,,,Draft Pedido — Prev. Aprovacao,,coluna_prisma_sem_lista,data_previsao_aprovacao_rascunho_pedido,somente_prisma
,pedido,,data_previsao_aprovacao_rascunho_proforma_pedido,,data_previsao_aprovacao_rascunho_proforma_item,pedido,DateTime,,,Draft Proforma — Prev. Aprovacao,,coluna_prisma_sem_lista,data_previsao_aprovacao_rascunho_proforma_pedido,somente_prisma
,pedido,,data_previsao_envio_original_invoice_pedido,,data_previsao_envio_original_invoice_item,pedido,DateTime,,,Original Invoice — Prev. Envio,,coluna_prisma_sem_lista,data_previsao_envio_original_invoice_pedido,somente_prisma
,pedido,,data_previsao_envio_original_proforma_pedido,,data_previsao_envio_original_proforma_item,pedido,DateTime,,,Original Proforma — Prev. Envio,,coluna_prisma_sem_lista,data_previsao_envio_original_proforma_pedido,somente_prisma
,pedido,,data_previsao_recebimento_original_invoice_pedido,,data_previsao_recebimento_original_invoice_item,pedido,DateTime,,,Original Invoice — Prev. Recebimento,,coluna_prisma_sem_lista,data_previsao_recebimento_original_invoice_pedido,somente_prisma
,pedido,,data_previsao_recebimento_original_proforma_pedido,,data_previsao_recebimento_original_proforma_item,pedido,DateTime,,,Original Proforma — Prev. Recebimento,,coluna_prisma_sem_lista,data_previsao_recebimento_original_proforma_pedido,somente_prisma
,pedido,,data_previsao_recebimento_rascunho_invoice_pedido,,data_previsao_recebimento_rascunho_invoice_item,pedido,DateTime,,,Draft Invoice — Prev. Recebimento,,coluna_prisma_sem_lista,data_previsao_recebimento_rascunho_invoice_pedido,somente_prisma
,pedido,,data_previsao_recebimento_rascunho_pedido,,data_previsao_recebimento_rascunho_item,pedido,DateTime,,,Draft Pedido — Prev. Recebimento,,coluna_prisma_sem_lista,data_previsao_recebimento_rascunho_pedido,somente_prisma
,pedido,,data_previsao_recebimento_rascunho_proforma_pedido,,data_previsao_recebimento_rascunho_proforma_item,pedido,DateTime,,,Draft Proforma — Prev. Recebimento,,coluna_prisma_sem_lista,data_previsao_recebimento_rascunho_proforma_pedido,somente_prisma
,pedido,,data_prevista_coleta_pedido,,data_prevista_coleta_item,pedido,DateTime,,,Data Prevista — Coleta,,coluna_prisma_sem_lista,data_prevista_coleta_pedido,somente_prisma
,pedido,,data_prevista_inspecao_pedido,,data_prevista_inspecao_item,pedido,DateTime,,,Data Prevista — Inspecao,,coluna_prisma_sem_lista,data_prevista_inspecao_pedido,somente_prisma
,pedido,,data_prevista_pedido_pronto,,data_prevista_item_pronto,pedido,DateTime,,,Data Prevista — Pedido Pronto,,coluna_prisma_sem_lista,data_prevista_pedido_pronto,somente_prisma
,pedido,,data_proforma_invoice,,,pedido,DateTime,,,Data da Proforma Invoice,,coluna_prisma_sem_lista,data_proforma_invoice,somente_prisma
,pedido,,data_transferencia_saldo_pedido,,data_transferencia_saldo_item,pedido,DateTime,,,Data de Transferencia de Saldo,,coluna_prisma_sem_lista,data_transferencia_saldo_pedido,somente_prisma
departamento_contato_exportador,pedido,departamento_contato_exportador,,,,pedido,,,Partes,Departamento do Contato no Exportador,Departamento do Contato no Exportador,json_extras_ou_detalhes_operacionais,departamento_contato_exportador,lista_gtv
descricao_item,pedido,descricao_item,,descricao_item,,pedido_item,String,alfanumerico,Identificação,Descrição Item,Descrição do Item,ghost_agregado_ou_unico_itens,descricao_item,lista_gtv
,pedido,,detalhes_operacionais_pedido,,,pedido,Json,,,,,coluna_prisma_sem_lista,detalhes_operacionais_pedido,somente_prisma
email_contato_exportador,pedido,email_contato_exportador,,,,pedido,,,Partes,Email do Exportador,Email do Contato no Exportador,json_extras_ou_detalhes_operacionais,email_contato_exportador,lista_gtv
email_ope,pedido,email_ope,,,,pedido,,,Partes,Email do OPE,Email do OPE,json_extras_ou_detalhes_operacionais,email_ope,lista_gtv
endereco_exportador,pedido,endereco_exportador,,,,pedido,,somente_leitura,Partes,Endereço do Exportador,Endereço do Exportador,json_extras_ou_detalhes_operacionais,endereco_exportador,lista_gtv
endereco_fabricante,pedido,endereco_fabricante,,,,pedido,,,Partes,Endereço do Fabricante,Endereço do Fabricante,json_extras_ou_detalhes_operacionais,endereco_fabricante,lista_gtv
endereco_ope,pedido,endereco_ope,,,,pedido,,,Partes,Endereço do OPE,Endereço do OPE,json_extras_ou_detalhes_operacionais,endereco_ope,lista_gtv
estado_exportador,pedido,estado_exportador,,,,pedido,,somente_leitura,Partes,Estado/Província do Exportador,Estado ou Província do Exportador,json_extras_ou_detalhes_operacionais,estado_exportador,lista_gtv
estado_fabricante,pedido,estado_fabricante,,,,pedido,,,Partes,Estado/Província do Fabricante,Estado ou Província do Fabricante,json_extras_ou_detalhes_operacionais,estado_fabricante,lista_gtv
estado_ope,pedido,estado_ope,,,,pedido,,,Partes,Estado do OPE,Estado/Província do OPE,json_extras_ou_detalhes_operacionais,estado_ope,lista_gtv
exportador_ou_fabricante,pedido,exportador_ou_fabricante,,,,pedido,,,Partes,Exportador/Fabricante?,Exportador ou Fabricante?,json_extras_ou_detalhes_operacionais,exportador_ou_fabricante,lista_gtv
,pedido,,id_exportacao_importador_pedido,,,pedido,String,,,,,coluna_prisma_sem_lista,id_exportacao_importador_pedido,somente_prisma
,pedido,,id_fabricante_pedido,,,pedido,String,,,,,coluna_prisma_sem_lista,id_fabricante_pedido,somente_prisma
,pedido,,id_importacao_exportador_pedido,,,pedido,String,,,,,coluna_prisma_sem_lista,id_importacao_exportador_pedido,somente_prisma
,pedido,,id_organizacao,,,pedido,String,,,,,coluna_prisma_sem_lista,id_organizacao,somente_prisma
,pedido,,id_pedido,,,pedido,String,,,,,coluna_prisma_sem_lista,id_pedido,somente_prisma
,pedido,,id_processo,,,pedido,String,,,,,coluna_prisma_sem_lista,id_processo,somente_prisma
,pedido,,id_status_pedido,,,pedido,String,,,,,coluna_prisma_sem_lista,id_status_pedido,somente_prisma
id_workspace,pedido,id_workspace,id_workspace,,id_workspace,pedido,String,,Identificação,Workspace,,coluna_pedido,id_workspace,lista_gtv
,pedido,,ids_origem_consolidacao_pedido,,,pedido,Json,,,,,coluna_prisma_sem_lista,ids_origem_consolidacao_pedido,somente_prisma
incoterm,pedido,incoterm,incoterm_pedido,,incoterm_item,pedido,String,alfanumerico,Financeiro,Incoterm,Incoterm,coluna_pedido,incoterm_pedido,lista_gtv
local_de_destino,pedido,local_de_destino,local_de_destino,,,pedido,String,alfanumerico,Logística,País de Destino,País de Destino,coluna_pedido,local_de_destino,lista_gtv
local_de_origem,pedido,local_de_origem,local_de_origem,,,pedido,String,alfanumerico,Logística,País de Origem,País de Origem,coluna_pedido,local_de_origem,lista_gtv
moeda_cambio_pedido,pedido,moeda_cambio_pedido,moeda_cambio_pedido,,moeda_cambio_item_pedido,pedido,String,alfanumerico,Câmbio,Moeda Câmbio,,coluna_pedido,moeda_cambio_pedido,lista_gtv
moeda_pedido,pedido,moeda_pedido,moeda_pedido,,moeda_item,pedido,String,,Financeiro,Moeda do Pedido/Item,,coluna_pedido,moeda_pedido,lista_gtv
ncm,pedido,ncm,,ncm_item,,pedido_item,String,alfanumerico,Identificação,NCM,NCM,ghost_agregado_ou_unico_itens,ncm_item,lista_gtv
nome_contato_exportador,pedido,nome_contato_exportador,,,,pedido,,,Partes,Contato do Exportador,Nome do Contato no Exportador,json_extras_ou_detalhes_operacionais,nome_contato_exportador,lista_gtv
nome_exportador,pedido,nome_exportador,,,,pedido,,alfanumerico,Partes,Exportador,Nome do Exportador,snapshot_empresa_ou_json_ou_item,nome_exportador,lista_gtv
nome_fabricante,pedido,nome_fabricante,,,,pedido,,alfanumerico,Partes,Fabricante,Nome do Fabricante,snapshot_empresa_ou_json_ou_item,nome_fabricante,lista_gtv
nome_importador,pedido,nome_importador,,,,pedido,,alfanumerico,Partes,Importador,Nome do Importador,snapshot_empresa_ou_json_ou_item,nome_importador,lista_gtv
nome_ope,pedido,nome_ope,,,,pedido,,,Partes,Nome do OPE,Nome do Operador Exterior,json_extras_ou_detalhes_operacionais,nome_ope,lista_gtv
numero_invoice,pedido,numero_invoice,numero_invoice_pedido,,numero_invoice_item,pedido,String,alfanumerico,Identificação,Nº Invoice,Número da Invoice,coluna_pedido,numero_invoice_pedido,lista_gtv
numero_pedido,pedido,numero_pedido,numero_pedido,,,pedido,String,alfanumerico,,Nº Pedido / Nº Item,Nº Pedido / Nº Item,coluna_pedido,numero_pedido,lista_gtv
numero_proforma,pedido,numero_proforma,numero_proforma_pedido,,numero_proforma_item,pedido,String,alfanumerico,Identificação,Nº Proforma,Número da Proforma,coluna_pedido,numero_proforma_pedido,lista_gtv
pais_exportador,pedido,pais_exportador,,,,pedido,,somente_leitura,Partes,País do Exportador,País do Exportador,json_extras_ou_detalhes_operacionais,pais_exportador,lista_gtv
pais_fabricante,pedido,pais_fabricante,,,,pedido,,,Partes,País do Fabricante,País do Fabricante,json_extras_ou_detalhes_operacionais,pais_fabricante,lista_gtv
pais_ope,pedido,pais_ope,,,,pedido,,,Partes,País do OPE,País do Operador Exterior,json_extras_ou_detalhes_operacionais,pais_ope,lista_gtv
peso_bruto_total_pedido,pedido,peso_bruto_total_pedido,peso_bruto_total_pedido,,,pedido,Decimal,calculado,Dados Físicos,Peso Bruto Total,Peso Bruto Total do Pedido,coluna_pedido,peso_bruto_total_pedido,lista_gtv
peso_liquido_total_pedido,pedido,peso_liquido_total_pedido,peso_liquido_total_pedido,,,pedido,Decimal,calculado,Dados Físicos,Peso Líquido Total,Peso Líquido Total do Pedido,coluna_pedido,peso_liquido_total_pedido,lista_gtv
porto_destino,pedido,porto_destino,porto_destino,,,pedido,String,alfanumerico,Logística,Porto de Destino,Porto de Destino,coluna_pedido,porto_destino,lista_gtv
porto_origem,pedido,porto_origem,porto_origem,,,pedido,String,alfanumerico,Logística,Porto de Origem,Porto de Origem,coluna_pedido,porto_origem,lista_gtv
quantidade_cancelada_total_pedido,pedido,quantidade_cancelada_total_pedido,,,,,,calculado,Quantidades,Qtd. Cancelada do Pedido,Qtd. Cancelada do Pedido,virtual_mapPedido,quantidade_cancelada_total_pedido,lista_gtv
quantidade_pronta_itens_pedido_total,pedido,quantidade_pronta_itens_pedido_total,,,,,,calculado,Quantidades,Qtd. Pronta do Pedido,Qtd. Pronta do Pedido,virtual_mapPedido,quantidade_pronta_itens_pedido_total,lista_gtv
quantidade_total_pedido,pedido,quantidade_total_pedido,quantidade_total_pedido,,,pedido,Decimal,calculado,Quantidades,Qtd. Inicial do Pedido,Qtd. Inicial do Pedido,coluna_pedido,quantidade_total_pedido,lista_gtv
quantidade_transferida_total,pedido,quantidade_transferida_total,,,,,,calculado,Quantidades,Qtd. Transferida do Pedido,Qtd. Transferida do Pedido,virtual_mapPedido,quantidade_transferida_total,lista_gtv
quantidade_volumes_pedido,pedido,quantidade_volumes_pedido,quantidade_volumes_pedido,,,pedido,Int,calculado,Quantidades,Qtd. de Volumes do Pedido/Item,Qtd. Total de Volumes do Pedido,coluna_pedido,quantidade_volumes_pedido,lista_gtv
referencia_exportador,pedido,referencia_exportador,referencia_exportador_pedido,,referencia_exportador_item,pedido,String,alfanumerico,Identificação,Ref. Exportador,Referência do Exportador,coluna_pedido,referencia_exportador_pedido,lista_gtv
referencia_fabricante,pedido,referencia_fabricante,referencia_fabricante_pedido,,referencia_fabricante_item,pedido,String,alfanumerico,Identificação,Ref. Fabricante,Referência do Fabricante,coluna_pedido,referencia_fabricante_pedido,lista_gtv
referencia_importador,pedido,referencia_importador,referencia_importador_pedido,,referencia_importador_item,pedido,String,alfanumerico,Identificação,Ref. Importador,Referência do Importador,coluna_pedido,referencia_importador_pedido,lista_gtv
relacao_exportador_fabricante,pedido,relacao_exportador_fabricante,,,,pedido,,,Partes,Relação Exportador e Fabricante,Relação entre Exportador e Fabricante,json_extras_ou_detalhes_operacionais,relacao_exportador_fabricante,lista_gtv
saldo_itens_do_pedido,pedido,saldo_itens_do_pedido,,,,,,saldo,Quantidades,Saldo do Pedido,Saldo do Pedido,virtual_mapPedido,saldo_itens_do_pedido,lista_gtv
situacao_ope,pedido,situacao_ope,,,,pedido,,,Partes,Situação do OPE,Situação do Operador Exterior,json_extras_ou_detalhes_operacionais,situacao_ope,lista_gtv
status,pedido,status,status_pedido,,,pedido,String,somente_leitura,Identificação,Status,Status do Pedido,coluna_pedido,status_pedido,lista_gtv
taxa_cambio_estimada,pedido,taxa_cambio_estimada,taxa_cambio_estimada_pedido,,,pedido,Decimal,somente_leitura,Câmbio,Taxa Câmbio Estimada,,coluna_pedido,taxa_cambio_estimada_pedido,lista_gtv
tin_ope,pedido,tin_ope,,,,pedido,,,Partes,TIN do OPE,TIN do OPE,json_extras_ou_detalhes_operacionais,tin_ope,lista_gtv
tipo_operacao,pedido,tipo_operacao,tipo_operacao_pedido,,tipo_operacao_item,pedido,String,alfanumerico,Identificação,Tipo de Operação,Tipo de Operação,coluna_pedido,tipo_operacao_pedido,lista_gtv
tipo_volume_pedido,pedido,tipo_volume_pedido,tipo_volume_pedido,,tipo_volume_item,pedido,String,,Quantidades,Tipo Volume Pedido/Item,,coluna_pedido,tipo_volume_pedido,lista_gtv
unidade_comercializada_pedido,pedido,unidade_comercializada_pedido,unidade_comercializada_pedido,,unidade_comercializada_item,pedido,String,alfanumerico,Quantidades,Unidade Comercializada,,coluna_pedido,unidade_comercializada_pedido,lista_gtv
valor_por_unidade_item,pedido,valor_por_unidade_item,,valor_por_unidade_item,,pedido_item,Decimal,,Financeiro,Valor Unitário do Item,Valor Unitário do Item - Linha Pedido,ghost_agregado_ou_unico_itens,valor_por_unidade_item,lista_gtv
valor_total_cambio_pedido,pedido,valor_total_cambio_pedido,valor_total_cambio_pedido,,,pedido,Decimal,calculado,Câmbio,Valor Total Câmbio,,coluna_pedido,valor_total_cambio_pedido,lista_gtv
valor_total_pedido,pedido,valor_total_pedido,valor_total_pedido,,,pedido,Decimal,calculado,Financeiro,Valor Total do Pedido/Item,,coluna_pedido,valor_total_pedido,lista_gtv
versao_ope,pedido,versao_ope,,,,pedido,,,Partes,Versão do OPE,Versão do Operador Exterior,json_extras_ou_detalhes_operacionais,versao_ope,lista_gtv
whatsapp_contato_exportador,pedido,whatsapp_contato_exportador,,,,pedido,,,Partes,WhatsApp do Exportador,WhatsApp do Contato no Exportador,json_extras_ou_detalhes_operacionais,whatsapp_contato_exportador,lista_gtv
zip_code_exportador,pedido,zip_code_exportador,,,,pedido,,somente_leitura,Partes,CEP do Exportador,CEP do Exportador,json_extras_ou_detalhes_operacionais,zip_code_exportador,lista_gtv
zip_code_fabricante,pedido,zip_code_fabricante,,,,pedido,,,Partes,CEP do Fabricante,CEP do Fabricante,json_extras_ou_detalhes_operacionais,zip_code_fabricante,lista_gtv
zip_code_ope,pedido,zip_code_ope,,,,pedido,,,Partes,CEP do OPE,Código Postal do OPE,json_extras_ou_detalhes_operacionais,zip_code_ope,lista_gtv